id,name
55,admin
26,Ch4kr4vyuh
27,PwnSec
21,maddog
20,BC_T3am
12,CSEC
15,reCAPTCHA the Flag
28,The SOC
22,YCF
2,n00bz
16,kkkk
17,baper_404
6,anderson123
39,ÂÅáÂ¶ÇÊàëÂπ¥Â∞ëÊúâÈí±ÁàπÊúâ‰∏∫Ôºü
23,ctfrrteam
36,a
24,..
7,Cipherghost
41,Hd3ps
42,Áå™Áå™Èòü
30,H7Tex
49,ÁôΩË°£
10,C7r1-417-31337
44,hhctf
35,Legend
29,AirBrain
57,Crychic
14,Hack The Doom
13,Clowder
51,puppy
45,Pwner7
4,f4n_n3r0
60,PakCyberbot
32,Lee111111
46,bee
56,ctf_dog
50,wanniu
3,mak47
19,GanSw
11,Winn3rs
58,Â∫∑ÂøÉ
37,Èöè‰æøÁé©Áé©
52,aa
38,RE&BO
43,1695624673@qq.com
40,Mbemmm
53,ls
9,M4N_4ND_M4CH1N3
25,ri5e
54,Êú∫Êô∫Èòü
71,Hack Smarter
110,f34rl3ss
69,JH Discord
96,mega9x
109,My4nM4r
63,H4x0rss!
68,Datasec
81,GRIS
89,Room303
94,I can't get flag but can i get you
72,CD-Rhum
116,Cyberforce
88,skill_issue
119,Carcotasii
80,unit91
103,Halcyon Security
78,Triumvirate
76,Integrated Hawkers
95,Hirsak13
93,T_T 1337
84,Beginner One
105,hakhakx
108,1toone
90,Darknet
82,DNcoder
97,TheBadgerGang
64,jay4
62,Notorious_TCP
98,ByteKnights
111,t
106,test
74,thanu
65,LT
70,Concrete Collective
99,Team CP
113,OnlyNoob
107,Byte_Busters
100,vsltd
73,GreenApples
77,bl4ckviper
112,xxx1
104,AG-alone
83,Flash07
102,0xN00bz
66,123
86,Serpens
117,nep0x01
91,Cyber Avengers
118,???
85,GoodBuddy
124,Class_3E
161,Nahomies_R_Us
130,D34DS3C
171,Team Evil Soul
125,Hungarian Cyber Security Team
126,Team Heckler
120,Ak@tsuki
172,GrimRoppers
145,TheWiz
142,Ultra Hax
151,Cyber Group One
162,asd.py
128,GOTHAM
144,The X35
137,Krishna
159,0xrisec
134,LazyTitan33
158,Cr4wl3rs
175,Z3r0_Rules
138,ByteBusters
132,DarknetEsotericist
156,TacocaT
173,Nulltester
176,Th3l10ns
167,Fastpeople
155,Noblesse
131,Hu hu hu
166,dragon_fly
160,teamZer0
164,Team Rapt0r
143,omary.lhoussine+nahamcon@gmail.com
147,Numeric
139,secnerd
150,genieyou@gmail.com
168,TryHarder
174,team shuv it
165,Wearewa
152,Culling
122,neverzer0
153,Teardown
141,Ronofays
177,Mohamed
146,r00tdaemon
154,ECS
127,hehe
140,Hashiras
148,I-Am-Root
135,nihility
129,team7
121,Shellbreakers
185,ProgrammerSecurity
182,CRAC
206,spysec
195,HackVan
221,CastielDefense
229,HCC TEAM
190,Ironman
215,CodeBreakers
220,burningcow
186,Cyber QTS
204,Ronnies
178,akuma
194,r00tdaddy
197,4th Legion
188,KCGQHDLTD
231,Liquidated
205,Just me
203,Best1
183,l7wayaa
187,CrackTheCode
216,ryan
210,Joey
232,Quack
191,1uci
228,devil
230,Spam bytes
179,Shadow
217,Kasih Agustinus
234,CyberVenturers
202,P3p3
207,SunnyC
201,CipherRats
180,rookie
226,Nexus
198,Lonely noob
192,MofongoPirata
225,goons
200,Exodus
218,Phoenix
189,CSecMon
199,GetFlagsOrDieTrying
233,Falcon
219,Kira_yoshikage
193,ma9rouna
212,rocky
213,Jwood09
209,ManagingSystems
214,Chrome Internal
208,Vaulthunters
222,Chakravyuh
260,Euros Minions
244,CTRL+SHIFT+HACKERS
294,JMUCDC
252,Int3nse#Squ4d
250,NMTD1881
316,Code Knights
278,Power Pwners
264,Hacktivist
290,Ckret
236,dalbile
286,players
272,J4rryTheR0cked
245,Cyber Comrades
271,MR. Robot
279,Exploit Crew
268,\x777
243,TeamX
259,aspiring_persons
276,TEAM UP
246,TheNonam3s
241,WebNetJunkies
273,0x02
281,Cyb3rG
257,x404
235,Anonymous
277,Duck
269,Noobo
292,K!tty_c@t
288,Plebs in Cyber
248,Uss
251,devvbankx@wearehackerone.com
287,CyberGuardians
258,little fire
247,BeginnerDude
289,0v3r10rd
274,iLLegalFreedom
266,Strawhats
256,Spencer
255,Rappelvoll
238,Hack3rs
261,WellHelloThere
262,BunchOblobs
249,blackraven
293,Zickzack
237,Tzcybersite
275,Nebula_BB
254,RzTeam
285,Campeons
240,BaK∆êN3Ko
265,Yakuza
330,‚Ç¨yber‚Ç¨lan
329,Byte-sized Pierogi
346,TBD
311,TWC
319,ThunderCipher
326,BOTscope2
333,FetchOrbisX
350,Fibonacci
284,testing
325,GojoSatoru
327,eternalfire
318,Hinakbet
307,Lattice
309,Lonely Beam
331,CTFcatchers
295,Egy
300,himali
348,Web Club NITK
345,substationworm
343,DemonSquad
328,INTRO_INTACT
334,Zehar
303,Learning123
320,wixewod389@facais.com
351,jamss
305,CODELAMP
313,sabyasachischoolmachi@gmail.com
342,SemicolonSec
349,Hypersonic Peacocks
323,Amlex
317,R3D_R00T
314,il0ka
332,in-contrxl
322,nepsmug
315,LRNRS
299,CropCircles
306,BlueCapture
347,HT
301,Hom3
312,Beeswarm
344,Morocco
304,T-Sec
340,Lillaglenn
308,wiener
335,NA
321,sabasolos
339,UNKNOWN
298,T1g3r5
338,Recon Squad
296,th3mil0
375,m4lware
387,error404
123,OneManArmy
374,FlyingAssassins
393,The R007W4sPwn3d Squad
386,BITSkrieg
362,Ghosts
114,n00b_779082
87,red pwnda
369,CSUI
378,SruSan
358,NLCSJ
385,0xleet
361,Sector0
356,Liminality
18,fzhshzh
392,iaohkut
377,Luna
383,zaki98
5,pwn dot computer
364,ABCD
352,ToTheMoon
61,Remek i Sp√≥≈Çka
390,NEUCTFC
31,Fuctl0n
376,GhostOfSparta
382,b1tl00g3
363,xwteam
372,KrasnayaKomanda
389,Kamasan
359,h4ck-loop
379,AcE
371,TonyQQ
59,ÁãóÂ≠êÁà±ÂêÉÂ§ßË•øÁìú
149,T3cH_W1z4rD
373,0x1Ak4sh
360,shellwiz1337
381,Ck1337
391,"È£é‰ªéÁßãËêΩ,ÊäöÊë©ÁùÄ‰Ω†"
136,sharma7ay@gmail.com
163,wannaHack
1,DTomz
366,Sasuke!!!
388,SneekyMan
169,Sinarian
354,Binary Bandits
355,sanshilutailang@gmail.com
170,Held At Pawpoint
75,TEAM GREY 
367,Nfsu-poggers
421,TJK
425,AnonHacker
426,404TeamNotFound
427,HackarCove
429,lzy
424,BottleOfWater
408,H1-GR
414,MYteam
310,The Muslim Brothers
227,Null Ninjas
409,Â§©ÁÖßÂ§ßÁ•û
337,Team Cyborg
406,leswistiti
400,CyberGh0ulz
399,Cr4ck3d
101,MindCrafters
405,</R34dWr1teExecute>
115,hackratic
395,cruise boys
280,THR34Tx1337
394,k00lbeanz
297,SadLonelyVerginGuy
403,KK
410,cyberbaba
407,NameTeam
353,KunefeCanavarlari
341,WOTusie
184,Llamas
224,Blackhat_hackers
324,CodeNinja
282,mohan6669860@gmail.com
398,rogue0xbyte
211,Syfens
404,3rr0r 404
423,teamless
239,enzysec
384,Unbreakable
412,zyxw
417,Jackals
397,asal aja
411,Nichbande
253,HACK_THE_PLANET
223,gh0stcrew
267,Dirtyb1t
401,programsuper@gmail.com
396,HesSneekeMan2
416,JustNotBob
415,EDGE
196,TheLastUnicorns
413,cyber_ghost
470,BlahLand
430,Nibras
431,Saudi
432,Yazhi
433,what the $SHELL
452,puffpuffcats
445,UrchinSec
434,Vecna
435,DeepArmor
436,Black Hawk
437,a team
444,SQLKinkjection
465,42Roma
443,KolbaszEsPalacsinta
439,bwlwHww
441,root
440,Kurdistan Defensive Team
475,rabbit
442,Psycho
446,Team4
448,Slt3brgr
449,ClickityClackChamp
450,NoName
451,inspector inc
453,WTN
454,Infinite State Machine
455,Dumpcore
456,Unexpected Input
457,mtsauramba@gmail.com
460,Maple Bacon
461,ntnn
462,Pwn2Fuzz
464,Pwn2own
420,Real Cha0s
466,CyberSociety
467,0xf1aggg
468,new2internet
469,Sig
471,nilton
472,tor2tor
473,p3p3p3
474,dedgits
476,ahhhhelp
477,MFA
478,LmaoNoobs
438,hekeri
428,Victorious Secret
458,noteamforme
463,GS
459,noteamforme
485,ByteShield
517,La Casa de Papel
479,Und3rTh3S3a
480,apk
481,perfectroot
482,paradOx3r5
483,ACERGION
486,mega_robot
487,1337squad
488,SecTeam
489,Lord_Umm_By_Himself
490,Eykorban
491,BaruSec
492,CTFDoesNotHavePassReset
493,hackinghub
494,princedom
495,rocket
496,Joy Bangla
497,y3oreum
498,silaen
499,Be Alone
500,Zyper X
501,AJandCo
502,Forfunxd
504,kryptonite
512,216hunters
505,HackLikeNeverBe4
506,Cyber_Thread
509,Exssance
507,mty0x
510,Bugeaters
511,Babas
521,Sh4d0wZ_1R15C
513,t3rmin4t0rs
514,F'Rootz
515,Hackwithfun
516,HZK
519,Black Pearl
520,solo
522,Kiran
523,0x7359
525,ProdigyAttacks
530,SPECTRE
527,Data Dynamos
528,8J5qRuyXb3
529,Dr4c4rys
531,Reddit
532,Baby Seal Club
533,4lf0n5
524,carebear613
588,avto
538,CSEC_ASTU SEC
447,NightOwls
553,TeamViking
574,Level 7 infosec
590,BallErs
518,Always Drink Water
537,Cross Eyes
535,rhacklette
536,Mr.  Robot
540,UIBlue
539,Og
541,Cytf
542,Karasuno
543,TuaTuaKeladi
544,Dark Lord
546,JustCTFing
547,TheVikingSkulls
548,PHO3NIX
549,itch.m
550,TigaX6
551,Kong
552,""">""<script>alert(1)</script>"
554,Netto
557,Data Vadals
556,JustCode
555,Neko
559,nirvana
560,Bardewa
561,vkaskran@gmail.com
562,Serendipity
563,capivara
565,AbyssalCruelty
566,klunga
567,TEAM NOVA
568,IMPOSTER$
569,dreh4cks
570,frida
575,CapybaraHax
572,Profesoriai
576,Audixer
577,Hack@Sec
578,m3talm3rg3
579,WildKatz
583,iJustWannaSolveBlockchainChallenges
585,Prince
586,chmod
589,San Andreas
591,TeamLubert
534,csj
626,0x726F6F74
614,i_want_to_play
638,League_of_shadows
610,SAMURAIS
639,WickedTeam
647,üçï
602,saiujjwal1997@gmail.com
643,Winners
594,Kabbagez
597,0xllordi
623,Al0neLikeAlwayz
608,Purple Parrots
627,Haxors
600,tomriddle
601,Byte Me If You Can
605,3553R
606,torres
564,Pilum Muralis
595,mySoloTeam
582,101 Bytes
596,don't let your dreams be memes
593,Bameninghong
599,hotdogs
624,______
611,Alook
604,sistemu fein
612,PatriaPriori
613,P4rad0x
615,leerhino
616,ATLAS
630,mazer_sec
617,katrinaSec
619,bozghale
635,reality_breaker
620,AnotherTeam
621,HaCoeur
625,R007ki7
629,FoulSupremacy
631,Journey
645,sudo
634,Wookies
636,takeoff
641,Team-23
642,shahmad.mehmood@gmail.com
649,DarkPhoenix
648,B4TM4N
640,FTNT-Team
633,fckcmkzn
646,r3ap3rd0g@protonmail.com
644,pain_gravy
607,MMT
660,Unik
667,dr4g0ns
675,tigersclub
664,readyplayer1
603,CWO
672,Crazy
661,upro2900
693,Unravel
703,Snake Eyes
632,meow-sec
637,karen
653,zack0x01
651,LV_knights
650,Gunner
652,c4g@LF.3MsH!gd7Z
654,ArchayxOneManTeam
655,cybernomad302
656,GordosConSobrepeso
657,whitehorses
659,lemonhead
662,D&B Games
665,Spaghetti Ope
666,BigBoys
669,r000tz
670,Cybernerds
671,artho3
673,D4NGLZ
677,some random name
676,slate
678,Protektive
679,star
680,El Giga-Zan
683,Mnaz
682,Cyb3r.Sh1v@
684,IronHide
685,ShellBreaker
688,tntech
687,Psych
697,The Cleanup Crew
689,</Scorpion>
690,jammy
694,Asguard
692,Silaen0x
695,Redravens
698,Vox
699,Fstack
700,Astar
701,khodemoon
658,lemonhead
720,bordiez
740,MorboAalst
730,Bugzies
757,Nocturnet
706,:)
704,Bozja Sila
705,0x1622
708,ze_d
707,VN Player
711,BUG_AULI
709,1manteam
712,free palestine
714,DPK
715,t3am
721,tiger
716,if.i.0nly.had.a.nam3
717,SOC Team
718,eluser
722,Josh's destructive d
723,Priy
725,TH15-IS-D3F1NI73LY-W4T3R
724,Skullysys
727,Team Simple
728,No coffee no workee
726,(=‚òÖœâ‚òÖ=)
729,Alegoria da Caverna
732,Lebanon
739,4llS4f3
735,Codeium
733,The_Special_Investigators
736,CtrlAltDelete
737,Legends
738,Lonely
741,testing123
742,Fakuaq
743,L0wY0
744,Daoula
746,skrcprst
748,noteamfr
747,hackuaz
749,NoU
750,DigiH4ck
752,strain
751,The Solo Man
753,Z3R0_D4YZ
754,Kern(a)l
756,socblocker
758,los alestis
760,CapCookie
761,c
783,dark army
800,IgniteYSU
782,lulli
768,Rajat_Vats
804,pwnsec
791,DragonJAR
778,Marble
780,sp4rk
503,Pushpa
766,Valkyrie999
793,4r3_w3_h4ck3r5?
770,Just4fun
763,severely lacking in hacking
762,speedrunner
765,Wundr
767,opat
769,Hunt3rCod3r
771,SinisterBug
773,Foothills Farm
774,Mystery Inc
775,xanri
776,RcoyoteR
777,Slabriver
779,AppLaudoRT
781,Uconn Cyber
784,brazuka
785,Noob Nation
786,Leet
787,n0hat
788,tut0rial
789,Crypt_w3re
790,Libya
792,pwnp4tr0l
794,Old_Robot
796,Ph0enix
795,n00b
798,Solowolo
799,Morgen Stern
801,AIWFCIY
802,FCDS
803,1337
805,47r8nin
806,Ascension
807,Binary warriors
808,HoraceHKLM
809,y1s4s
810,bedclothescommercial
811,team
764,ShadowPhantoms
797,Solowolo
823,Avengers
843,humanoid
838,sm_cracker
833,JLT
855,bu9xu
830,Cyb3rDung30n
854,CTF_Lions
841,Banshi
853,Triada
815,BYFP!
832,Shadow Broker
822,SAT (super awesome team)
745,m4n03lg0m35
812,Quasimoto
813,HiBugHunt
814,SoloSRC
816,Onu Bella kellad
817,digital warriors
820,TeamRavana
819,z1m4m070
821,YNWA
826,C4n't_D3cid3
825,mamad
824,Shiv
827,dertaheurt
828,who#flag
829,someDevDude
831,_/_
835,Mochi
834,Strategist
837,Optihawk
839,shad0wbyte
840,HLG
842,eth1cal_y0ddhas
844,Dev00ps
845,Temp Team
846,Exploiters
847,moolakarasapanga
849,Ad4m5
850,Bytebandits
851,Weak Team
852,DarkTriad
856,CYB3R_PIRAT3S
857,hyperhackers
858,mrx
861,VENOM SECURITY
862,Steady Gang
863,418 - I'm a teapot
865,CyberNerds
864,CyberNerds
901,The5
880,SusDO
879,aifidelityteam
882,TelurGorengs
875,YGHTeam
915,OnlyFeet
907,Unknowndb
867,M4rc3110
868,LatentSpaceEnjoyers
871,thehackerscrew
870,ND Studios
873,l00zers
874,Meow meow
878,fizers
881,pyninja
883,Null_byte
884,Abc
885,ganeshbagaria
886,rce
887,3lawi
888,Kowalski Analysis
889,FTI_Skill_Issue
890,team z
891,adt
893,cat
892,MnM
894,gr4vit0
895,mony_tree
896,summerBahaa
897,Gh0sts
898,Znt_liv$e
899,Predators
900,lemonaARC
902,attempt
903,k0ns0l
906,BBbotz
904,root.davut@gmail.com
905,Solo1
911,userno
908,H√πnt3r≈õ
909,padawans
910,idk
912,N25
914,lulzSec
913,xorgzz
917,A_T34m
916,rhinestonecowboy
919,wjuxbOCQ
869,ND Studios
876,BHS
947,Kopi
931,investigators_friends
966,6l@ck_gu@rd
948,Nova_team
946,one punch man
936,steveostops
928,Noob-team
920,skr4tmagick
935,Huntsmen
918,mcmayhem
922,hound
921,Cryptoprepper
923,ForrestSec
924,TeamBeaver
925,BlackAngel
970,JustTrying
926,K3N2Y
927,manty
929,JustMurks
930,erm akshuali
932,TheBoys
934,SOLOs
938,Yoho
937,pouce
939,BIGOOF
940,mycroft
941,bbhx
942,TuraTuru
944,CyberShield
945,knoxy
949,Fobot
951,New
950,CYBER_WAR
952,C'est de la merde
954,reitard
953,rezydev
956,A01B13l0
955,Boddacetigese
957,demola.hussainin@gmail.com
958,Tatsuki
959,Inceptors
961,cybergoat
962,Cybertronics
963,Volturi
965,Boss:Noun/Baws/TopDog/TheBigCheese/HeadHoncho
964,Gentleman Hackers
967,HAIDAR
968,im_dragon
969,Appsec
971,drkh
1008,Adn
978,Gl0-S73R
1004,Bits & Pieces
1009,Q
1020,667_ekip
972,yolo
973,pday
975,ping
974,HackerZone
976,Hackhive
977,KXTI_nillkiggers
979,</Bella Ciao>
980,MR_Prey3r
981,Punch
982,249
983,m0nkeysgobrrrrrr
984,cabeca
985,NaNa
986,0xsk
987,ZaimokuJinja
988,F0nt3
999,CyberHero
990,F14G1T
991,Sh4d0wL3gi0n
992,apenasEu
993,Strykers
994,gauszton
995,noobs on god
996,xxx
997,th3hood
998,tamilhackerboys
1000,Albega
1001,jwolves
1003,HiggsBoson
1005,solo_levelling
1006,Heckers?
1007,F_S0c1337y
1010,CyberSharks
1012,Eagles
1011,Mob
1013,HusamTeam
1015,virus565
1014,Mhack
1016,oBx
1017,Lone Wolf
1018,Big Bang
1019,Flag Snatchers
1022,Coducher Sec
1023,iamasolo
1021,Coducher Sec
1033,ÏÑ±Ìò∏Ïïº Íµ∞ÎåÄÍ∞ÄÏûê
1054,Garfiled
1036,Pheonix
1072,Zlatans
1024,broken
1025,r!$k_T@k$r
1026,Spongebob
1027,NinjaFit
1028,Zams
1029,Fallen-Angels
1030,minaccc
1032,RED H
1031,Ateam
1038,marynzd
1037,UltraSec
1041,BOTscope
1039,houkago hakku suru
1040,stanksalot
1042,SuperSonicLaserGuidedSpacePotatoes
1043,pwngenius
1044,insidious_hex
1045,Cyber Clopyse
1046,Just a random team
1047,kill -9
1048,/bin/sh/latian
1049,Onemanteam
1051,Pass
1053,pls help
1052,h1h4ck3r
1055,Beginners
1056,Oldbones
1057,babyd0nthurtm3
1058,ddsdsdsdsds
1060,0xcafecafe
1061,Hammond
1062,PwnShop
1063,Strange
1064,Start-Up
1065,GlitchGroovers
1066,IntegratedTechSolutions
1067,Hackitbraw
1068,CyberSquad
1069,Meowfia
1070,theknightriders
1071,WebW0nder
1073,Hidden hackers
1074,BR4CU BL1ND3R5
1075,Technoids
1076,die_trying
1077,Cybertierre
1100,DarkPwners
1120,BEASTHOOD
1084,solo leveling
1035,S3TiNEL <3
1078,brutexploiter
1081,Walkless Guys
1079,xinchao
1080,SS-Hacker
1082,LEEchers
1083,Hopper's Roppers
1086,2ir
1085,0xdeadbeef
1087,Kr1pt
1090,qwerty
1091,noone
1092,juvezz
1093,Caff3in3-DB
1094,nobodyTeam
1095,solo_oolong
1096,4Exp!Prize
1104,Lyrain
1097,refaatalamgir91@gmail.com
1098,Nepal_Infosec
1099,folepof
1101,C-M-P-C
1103,RodiGanjanico
1105,Ezhil
1106,sauraccon
1107,Dream team
1108,Byte-sized Bandits
1109,team2
1112,Noertwards
1111,Gaza
1110,test44
1113,Purple Strawberries
1115,Kevin Midnight
1114,Noob
1117,404
1116,Natvar Singh
1128,404BrainNotFound
1119,L0L
1122,sybvious
1123,Derp
1124,BlackSheep123
1125,0xF0DA553
1126,bonchgods
1129,sabo
1089,turtlehacks
1088,INDIAN
1130,Me Myself and I
1180,beNmeister
1140,kerber0s
1133,bebop
1155,CoolGuy
1127,Cult off elmo
1131,[H@ck3r.dro7]
1132,kn0wl3dge1sp0w3r
1134,Boris' team
1136,Sudoers
1135,Who?
1137,LoneRanger7
1139,phucduong28022005@gmail.com
1141,PointBlank
1142,MEH
1144,r3b00t
1145,0ff3nders
1146,shine102
1147,lithFamily
1148,FirewallDefenders
1149,loaner 33333
1150,SUDOERSma
1151,unb10s
1153,Nidh√∂gg
1152,slamus
1154,yeYE
1156,#F012EE
1158,ankhanteam
1171,$cRiPt_KiDdIe$
1159,hackwara
1160,cypher_admins
1161,Spyd3rs
1162,grahate22@gmail.com
1166,Potatoes
1164,Emergency Bucket
1165,India
1167,NONVBV
1168,kajackpiper@gmail.com
1173,OffSec Black @ KSU
1176,zeroluck
1174,MonBo
1175,cyberfu
1178,st0p_cyb3rbu11ying
1179,H4CK3R
1181,orange
1182,no rev/pwn no life
1183,luna
1184,PhoenixNest
1172,GreyBeard
1138,HaPpY
1169,New Team
1195,n00bplyr
1170,Byte Ninja
1228,Dombu$ter$
1224,Sud0ers
1177,Pwn1337
1218,Funzie
1185,ninjas
1186,Real4XoR
1187,SaaSquatch
1188,W3BFederation
1189,It's more than 4
1190,Bonginc
1191,Ch1ck3ns
1193,Am4d3us
1194,Joey44
1198,KMA First Year
1197,h4ck_f0r_bt3ch
1199,littlegorico
1200,Hellbound
1201,Indianhackers
1202,UofTCTF
1203,Polymathic Muharib
1204,odian
1205,l1m0
1206,Ctf Ratz TR
1207,"mov rcx, cr3"
1210,OneDay
1209,Joon
1211,team_abc
1212,$t@t1c
1213,PwnHub
1214,0xPwn3d
1215,IUCSC
1216,SNI
1217,Balsn
1219,WarFare_Sec
1221,SHAHEEN
1220,as33r_team
1222,Lucy01
1223,ExmoSecure
1225,TaskRangers
1226,one
1227,S.T.A.R.S.
1229,p0incar3
1231,VNITNetSHELL
1230,RedNet
1232,trytohack
1234,ultraviolet
1233,Lightning Interns
1235,ElySec
1270,hunt
1278,TrypesCrew
1271,oob
1246,eXcelsior
1237,Breached !!
1236,Optyx
1238,BirdsAreNotReal
1239,bolka
1256,Lazy Hackers
1240,Aeg1s
1241,T34M_V!RU$
1243,MH CORP
1242,ben10
1244,naxxo
1245,shellbr3akers
1247,researchers
1248,manx
1249,Hasio
1250,Team_Poseidon
1251,Raja
1252,Moana_CyberHack
1255,CyberA
1253,Hack Routine
1254,Nero Cherry
1257,w4nn4_b3_3l1735
1258,ethXero
1265,coolgeese
1259,CryJackLee
1262,Team Unknown
1260,Arr[0]w
1264,Inf3rn0_1mp4ct
1263,~~BLANC~~
1266,RooterX
1267,Schr√∂dinger Bears
1268,1nf1n1ty_beta
1269,1997
1275,Root ESP
1272,Max kings yard
1273,Dream t
1274,mau007
1276,DrBlue
1277,IndianHackers
1279,flag.txt
1280,neko
1281,Lord Nikon and the Snap Chats
1282,Black Caps
1283,Solo
1284,TheOcean
1285,WhiteShadow8500
1286,CYberMouflons
1303,0xZ3rol0g1c
1143,xeqte
1300,f4duck
1288,EA9#sLWahKqiJF
1287,N00bs
1289,LesChelous
1291,42MLG
1290,people
1295,VetSec
1292,eht
1294,Kureo
1293,Cyberclowns
1296,Hcks
1298,f$0c1ety
1299,Ireland Without the RE
1322,P4CK3T-M0L3ST3RS
1301,0xJashim
1302,Almystro01
1304,Guestys
1305,M@lware
1306,Solo Dolo
1308,JohnsGones
1309,Centaurus
1311,low-key
1312,Nil
1313,Cyborg
1314,alicel
1315,Bug_3ntr
1316,We Buy Ducks
1317,GhostSquad
1318,theR00ts
1319,Hu4$hui
1321,D3xc3p7ion
1335,pwnX
1323,amazonian_hunters
1324,xfit
1328,Average_anomalies
1326,player
1327,Parabellum
1329,EndFlag
1330,AFR0HAT
1331,Team43
1332,Voodoo
1333,BunchOfByt3s
1334,D0p3_Goatz
1337,Rubber Duckies
1336,ManiaksArmy
1338,Blitz_Access
1339,OmniscienT
1340,PH4NT0MS
1347,CP9
1350,Taw Thar Myar Su Way Yar
1307,Knight's Clan
1370,HackbabyS69
1325,CyberIndi
1341,Mission-X
1344,tech-turtle
1346,August115
1345,thehackpack
1348,DC225
1349,Palton
1351,t8nm
1353,universe tall web
1352,B3 S1GM4
1354,Kukko ja Paalit
1355,LegionX
1356,gr1p3
1357,re:star7
1358,Heckler
1359,Team KALKI
1360,Find me ;)
1361,K3k_GG_N0_R33
1362,S0mething
1363,Foxtrots
1364,Zerlaak hjomez
1366,not quite sure
1365,ShadowNET
1367,wh15k3y
1368,pspspsps
1369,asd
1371,RootRaiders
1372,The Catalysts
1373,Karn
1374,Mashir0
1375,FR33_T34M_Z
1376,DRIVE TO WIN
1377,R3d_dr3am
1378,Sehem
1379,ThisIsForFun
1380,yes but oh wait shit what's our team name again
1381,0xRTCTF
1382,radiumhacker
1383,Supiy
1384,tap10hackers
1385,Vienna Circle
1386,Pooja Punera
1387,seven_pillars
1388,...stiglitZ...
1390,RevEng.ai
1342,NetRunners
1435,fr334aks
1414,CTRL+ALT+DEFEAT
1412,_DOBBY_IS_FREE_
1404,The Ackermans
1449,WCyber
1406,EHT
1391,MiN
1394,KXTI_23
1393,cipher
1395,GhostInTheShell
1398,The Byte Mavericks
1396,2894742214@qq.com
1397,cyberwhimsy
1399,CipherBusters
1400,C3ntr4l_K1ngs
1401,RCExecutors
1403,Ctrl+Alt+Defeat
1402,W3akByt3s
1405,ch0up1
1408,Pouls Friends
1410,CoffeeBreak
1409,Yjchv
1411,Null
1415,Unforgettables
1416,Just For The Questions
1419,OteriHack
1420,Huntik
1421,Doodler
1424,Pwn20wn
1422,SPNT
1423,D3@DLY&!N!&T3R
1425,CRUSADERS
1427,x0r
1428,wmic
1426,10.02.04_Lives_Matter
1429,tamarateam
1431,The Bytless
1432,Allrounder
1433,mimicats
1434,dugnad
1440,Foggy Bottom Rat
1438,Brews & Bytes
1437,akua.del
1442,Davidpb
1443,SLAYR
1444,{{9*9}}
1445,PwnProphecy
1446,dystopian
1448,pprrznmke
1441,Davidpb
1499,gank the flag
1455,TH3 CTF TEAM
1456,underdogs
1470,exploiitm
1458,Priv_Esc
1453,Sudbury Bulldogs
1439,JustTry!
1450,XKEYSCORE
1451,KnituKXTIFair
1452,TheKraniche
1454,Hash Dogs
1457,weathermen
1472,newbie
1460,Team Devara
1461,Tom & Jerry
1475,Hackcrew
1463,HackBit
1462,ctf101
1464,xoxo
1465,diasvpcoe
1466,CSI
1467,Viper_x
1469,Script_Kiddies_V2
1471,Flagbot
1473,Griffyns
1474,DeadSec
1476,NativeCode
1477,Lamlam
1478,Vantage Point Security
1481,Digital_Corsair
1479,Can UC Flag
1480,Boot2Rue
1482,Prozhack
1483,m0rd0r
1484,buf!3rBR34CH3R$
1485,Fu11 0N Z3r0
1486,s3cn00bs
1487,Cryptic defenders
1498,r3d-fl4gs
1488,Stuxnet
1489,Free Palestine
1490,TiGr
1491,7h3_5n1p3r5
1492,HackingHonu
1493,Sejong
1494,XDD
1495,*(0)
1496,0x00
1497,pwn4g3 All14nc3
1500,Elite.sa
1531,Voorivex Team
1102,CrypticClan
1459,N.O.X.U.S
1517,The Bugs
1501,Trovadores
1502,ArgentAmphibians
1503,TheHiddenCastle
1505,f1ghtclub
1504,AirXeros
1518,Redd00rz
1512,Innotec Security
1507,pymi
1508,Legion_of_Doom
1509,Pack3tPalad1ns
1510,boomexplosionsound
1513,SPeeDo
1514,d3c0d3rs
1515,void_vikings
1536,70M470_50UP
1516,{fl4g}
1519,DarkKnight101
1521,sentry.io
1522,0bug
1520,Acera
1523,PenSecTes
1524,Voorivex test
1525,born2lose
1526,CoconutPhishers
1527,Alireza_team
1530,DeepThonts
1532,DRUM
1548,C3rb3rus
1534,Str4w H4ts
1533,TRX
1535,KHI-3XPL01T
1541,CyCrawlers
1546,xssdoctor
1537,FluffyCritters
1538,o75h4
1542,heXOR
1543,Cy83r_Cru54d3r5
1545,MITEAM
1544,lagoon-shells
1547,redhack
1549,Bugs B0unt3r
1550,–≤–µ–Ω–¥–µ—Ç—Ç–∞
1551,5h4d0wbr0k3r5
1553,UniversalDon
1552,knightsec
1540,Hacknar√∂k
1571,CTF wizardsüëæ
1574,Mimikyu
818,dc506
1554,NCA@Nepal
1601,TCTN
1593,Flag catters
1583,LLL
1572,scriptkiddie
1529,The WeatherScouts
1555,InsomniaKats
1557,Cyber Spiders
1589,b01lers
1561,Rootruler
1558,brucel33t
1559,x86
1560,Sema4
1563,N3JO
1562,n00ber
1565,Brunnerne
1567,0xFringeCore_
1566,xpl0it
1568,36BF00A7-ED73-42F7-9C4C-6A0817EFEAD8
1569,1nf1n1ty
1570,B33tl3
1573,MundekCTFuje
1575,salvadoreTeam
1576,ShinaEyes
1577,straw_hats
1578,Mrnjao
1582,kossiitkgp
1580,luk6xff
1581,d3m1g0d5
1588,CyberCats
1585,Msec
1584,S.h.i.c.h.i.b.u.k.a.i
1586,NS HC
1587,Bounty Hunters
1591,NotMe
1590,sl1d3
1592,JSoyke
1594,0xE0F
1595,midnightbliss
1596,CubeMastery
1600,HexHavoc
1597,badsctr
1598,SDTI
1599,DeathArrows - Free Palestine
1602,PL314D3S
1603,DrebTiye7
1604,Services Australia
48,Bantuhunters
1606,Z3r0Tru5t
1641,hash gatos
1343,UiTM Cyberheroes Club
1627,PaycomInterns_2024
1646,Gh0stCyb3r
1616,f0rk_b0mb
1617,deadteam
1632,RaMAd
1605,/bin/lahhh
1607,.::The Fact√∂ry of Pwn::.
1608,'god'[::-1]
1609,Br00tf0rs3rs
1610,The Sploinkers
1611,TTeam
1612,Siber Opat
1613,BEATRRs
1614,CyberMaster
1618,Cari√±ositos_UNI
1639,roket
1619,WolvSec
1620,R@3L$OROU$
1622,alone nugget
1623,S1F1R B1R
1624,ShadowWarriors
1625,Equivalent XCHG
1629,InfoSecIITR
1628,pls gif job ty
1631,Twin Rivers Tech Collective
1630,N30Z30N
1634,Team_Illusion
1633,cyberpunk
1638,PenTestPhantoms
1635,jattt
1636,mild_thunder
1637,Bacalaito
1640,Script Kiddies
1642,Aft3r_7h0ugh7
1644,vas
1643,ARESx
1645,Yuki
1650,justLearning2024
1647,NasiAyam
1648,corn_starch
1649,PiyushThePal
1651,unemployed
1654,wrench
1652,c10aking
1653,netdog
1655,p_0_m_3
1667,$oIo_d@re
1671,Agrani
1674,KaKa
1678,Skill Issue
1702,Red LeGION
1679,Root Ninjas
1694,PETIRsec
1688,asdqwesad
1677,GhostHunters
1656,etc2020
1657,DaeguUniv_Infosec
1659,0011100
1660,chipich4p4
1662,CYB3RTR1X
1663,167
1664,FriedEggQuokka
1668,Black Cybersecurity Association
1669,Cyber Dark Inferno
1670,delta_is_2_b4d
1672,Ghost Uchhiha
1673,Nobody
1675,Just_G0_kangkang
1676,banD3raciaga
1684,SAS
1680,Uguntu
1681,JMeijers
1682,goldenrider06
1683,ManBearPig
1685,anti_1337
1686,shahzaib.1601186@gmail.com
1691,mengkarung
1687,Jongko_JoyoBoyo
1690,Blind_Virus
1689,CiberSecUNI
1695,origineel
1693,Tea
1692,TamilCTF
1696,Hex'pl0it
1700,UniByte
1698,DoudSec
1697,Joker
1699,MELISSA
1703,Elf_Security_Cyber
1706,Cyborg team
1701,MLC
1704,akawwjd@gmail.com
1705,PHM
1707,griffin
1708,lovely girls
1666,Mayfields
1732,cysec_iitm
1731,Supperaadet
1762,Hack Team
1710,tophunters
1760,Oman_1337
1712,0WeArePWNED0
1727,r3d_kn1ght5
1736,nbz
1763,CyberSecurityZen
1709,family therapy
1714,http://canarytokens.com/articles/rsdozwdb4ipflz8kg5xljdkkc/submit.aspx
1711,hot_flags_in_your_area
1717,533779760cf835b1afc67876ada80359
1715,Octet Mignonne
1716,R00T4B1NA41ES
1722,CtrlAltReap
1718,hax0rs
1719,GenericTeamName
1720,Zer0trust
1761,Zodiaclabs
1723,WombatSniffer
1724,Sumeru CTF Team
1725,Blacklight Sec
1726,ph1sher
1728,SynapseCity
1729,coffeemen
1730,Sh4d0w Gh0st
1737,0xKoshary
1733,DNC&G
1735,WHoaMI?
1738,HCS
1740,Zero Day Warriors
1741,M53
1745,exARVL
1744,Cryptonite
1742,Captain Ridley's Shooting Party
1748,IronWolf
1746,CCUG
1747,PouetPouet
1749,CryptoKobolds
1750,Anonymous Admins
1752,The Flat Network Society
1751,scuwn
1755,th3rm4l
1754,onlyme
1757,X
1756,MyWorld
1758,TheFunks
263,0xbyte
1739,thepenguin
1743,101
1777,Wrong Hypothesis
1786,bash
1768,Cipher Layer
1774,FAFO Proper'd
1801,conquistadors
1811,LinBashers
1814,random
1765,welovepython<3
1779,4chain
1764,M@naged N3rds
1759,FlagMotori
1767,zer0day
1770,t1nyB0vineArmag3ddon
1766,Dtyy
1781,Rezaland
1769,RvC_34GL35
1771,zsociety
1772,IshHamachshev
1773,Team Name
1782,red
1775,no spare funds
1776,I'm In Your Wallet
1778,TahSec
1780,Sys_pwn
1783,HuevoSec
1784,blackpinker
1785,dalioo
1803,D@T@CoRrUpT10#
1794,CyberDrivers_
1787,Antistrofoi_Mixanikoi
1806,TeamOverlord
1789,Hafofu
1790,mberry43
1791,MrRobot1337
1793,CyberSpace
1792,KuddosTamil
1795,UT-THS
1796,DragonSec SI
1798,screamingScriptKitties
1799,EuroZint
1802,Letstry
1805,ThreeDucks
1807,WeAre
1813,S_Hacker
1809,0x1337
1808,Heaven's_Birds
1810,HKing
1812,428
1797,Knr Red
1843,Entr0py
1851,CVE Cartographers
1860,Imp3rator
1859,Space.Cows
1821,sub7
1815,/-\$TR/-\
1818,D3v0lutions
1835,Dark_Warrior$
1827,Byte Bandits
1564,Inters
1615,GeekedUp
1816,CTRL+F
1856,Synesthetes
1840,BlueTeamBestTeam
1847,b3h4ck3rs
1846,Cyber Task Force 141
1819,escal8
1820,B4r0xy
1817,Cryptobra
1824,Canadian Hacks
1838,blackxbox
1822,prashanthmittabhavi@gmail.com
1823,SecFault
1825,PizzaFeijoada
1826,Sk4r
1829,PangAtFront
1828,OFFENDERS
1830,Cybix
1831,Amateur Hour
1841,Cyb3rGhost
1834,iamo
1832,TuxPwners
1839,duck duck pwn
1833,Cyber Fahrenheight
1837,USF CyberHerd
1836,w133b
1842,notachraf
1848,CipherTech
1844,Strayer Raptors
1845,0xasdfs
1853,EduTEKS Inc
1849,Bolo
1852,Hoodie
1850,tglas
1855,Phoenix_Cybersec
1857,1personteam1
1862,depression
1858,Cult of Javier
1863,tangu's team
1864,NOID
1876,team APE
1914,iCALM
1888,sorry_guys
1911,Scanners
1874,Jarrett Signoretti
1896,8B1TS
1892,zeros
1873,0x_SHilling
1889,ResetSec
1861,sam
1871,The Taus
1866,0x1337GN
1869,Purple
1865,HackTheTask
1868,SplitUnknown
1898,DOL GULDUR
1867,cumbia quatro veinte
1872,x3us
1870,Script Kiddie Squad Of Doom
1875,seedat
1877,Caesar3
1882,Centinels
1878,funboy
1887,reaper_113
1880,CampDavid
1881,ByCode
1894,r0s6m
1886,junger
1884,gadzhovski
1883,N3WBEES
1899,iflysolo
1885,pupupu
1913,whatever
1890,il1k3pu$$y
1891,SENAI CIMATEC
1897,RedTeam_ao
1893,cass0ulet
1895,Ouroboros
1908,Void Hacker Team
1900,Box
1909,ceylan
1901,dbg
1902,What_are_we_Doing
1903,xXxpassword123xXx
1904,KXTI
1905,P01s0n3d_Fl4g
1910,Phaethon
1907,hotdog
1906,BITSbytes
1916,OrionSec
1953,govz_hackz
1941,pourya
1922,APT99_tz
1958,Cyberwings
1921,UAC
1938,JAS
1939,CyberKnights
1967,Unhackers
1937,hitmen
1943,4GUn7uk
1966,Kevinkemble
1918,0x0A.FZT
1933,Ham&Cheese
1948,Ludos
1949,InvisibleOblong
1956,Kazakunebi
1961,DeadLast
1928,Skry
1951,AA_INDIA
1917,EVA-01
1959,HackTeam
1927,Cr4kers
1955,crish98
1952,binExplorer
1915,burner
1919,MrX
1920,Bezotreeni
1957,Kool Kids Klub
1924,Super Saiyans
1923,Hackproofteam
1925,.TN
1926,NoTTeamGham
1940,suzu
1929,Blob
1932,Egy ember's team
1930,Potato Andino
1954,TheRapiers
1944,DDLR
1936,ITIans
1935,Team_of_Catz
1942,H3LLI0S
1945,HelloWorld
1962,pybots
1946,ScriptKiddies
1947,PwnWithClass
1960,al_moalem
1950,434
1963,GoJover
1965,ThomasAquinas
1931,Egy ember's team
2008,real_hackers
2004,Toca
2001,Solo Duck
1998,kmikzehuntyou@gmail.com
1979,snick
2007,UTE_SeCui
2017,TokyoGhoul
2011,Babe_Ruth_Of_Hackers
1985,snow
2014,MenschMaschine
2016,rubelus
1975,souhilaz
1991,Z√©r0d√†yN√≠nj√†s
1999,NewBee
1988,Work Alone
1977,Computer boys
1974,bi0s
1972,DPro
1983,Dude
1978,thebee0x
1981,hackyourmom
2013,OGSome
2005,ties2
2018,theteam
1995,bluehens
1969,Juan_Solo
2015,charon
1990,stripe
1986,SOLO
1968,samidragon
1984,onemanarmy
1971,Awesome Team
1973,Mack514
1980,ZB
2012,zexiol
1992,agace
1982,furious
1993,ITCavalry
1964,GooniesNeverSayDie
1994,LammerGuy
2000,Beardhammer
1996,vopz
1987,sm01s3
2003,Mavericks
2006,Bsy Team
1976,m0x3di
2010,Zo
1997,francepok
1989,nuke
2002,skaulspaur
2034,Jabba
2040,CyPan_Solo
2037,SoloRaaven
2066,Assassins
2023,The Hangup
2024,insert_team_name_here
2060,On3B3st24
2062,sniper
2069,LogicalHunters
2031,k1mq is hacking
2021,opium_kid$
2041,007
2046,Betadin
2065,ZeroDev
2070,MKS Monkey
2054,BoomBastick
2072,n00b5
2048,Weak But Leet
2071,4stacksctf
2063,nobie
2025,Kamkra
2045,vanshbr2013@gmail.com
2028,54m4r174n
2050,HotRod
2027,Straight Fwd Failure
2033,owowo
2030,beingaksharma
2059,Tubehax
2020,Master-x
2056,AAAAAA
2026,HansEnzo
2019,Cyber_Nano
2047,monthypwnty
2035,TearOxTTS
2053,Suncatcher
2042,xpython
2032,m7arm4n
2022,SoloDolo
2029,Mohammadali
2038,R3FORM3R
2052,ShaDow
2036,moshamosh
2039,SuperHashBros
2043,mojojojo
2055,Club Penguin Reloaded
2044,D3M0
2064,devilcrax
2051,0xf1sh
2067,anqa
2068,abdoibrahim
2095,single_user
2079,overc
2097,NoobSolo
2100,MassiveLegends
2096,zprytka
2119,ne'er-do-wells
2083,127.0.0.1
2073,ischyr
2109,PenTstrs
2091,zerodol
2117,While(1)
2107,huitrebleu
2104,vive-morocco
2115,0xECE
2087,crypto
2081,A Mensagem
2077,Rakesh Mane
2103,dcsrock1
2111,huffer
2078,TTTT
2121,bluedragon
2076,asiimov
2106,H@ta
2120,Slash
2108,T0th3M00n
2061,Inglorious Flagsterds
2074,Anshu
2049,cicada
2082,Moha09's Team
2080,Breaking Bad
2084,Fruit Ninja (gay)
2085,The Oldies
2086,PPF
2088,pwnagaukar
2094,F21T21R
2090,anhhungkg09@gmail.com
2093,idkbro
2098,abc
2099,mnzr
2102,DarkHunters
2101,Flow
2105,navidnzr
2110,jon112358
2118,fucks0ciety
2113,t1
2114,beepboop
2116,DoremonGang
2125,Eldar
2146,ipTrust
2089,anhhungkg09@gmail.com
2164,discovering_team
2135,nethiker
2156,ireallydontknow
2131,bkasrnyr
2138,Teamless
2133,b2brt
2127,ivan
2166,Alone
2153,MichaelLearns_
2057,N00rth
2124,SlimCognito
2169,onemanshow
2172,industrial grade airhorn
2148,raging_rhino
2143,Strices_o_Hell
2139,MaxiKing
2147,WEP
2171,BWB_101
2140,Astrosec
2123,Alf
2130,RootMiner
2122,J
2163,ACK
2165,Error
2132,MiYo
2126,easylost
2129,Kokoro
2128,daft
2134,william
2159,ELTE
2136,Rodent
2137,abc123
2142,Bottom Feeders
2144,anonymous-ug
2141,Amp
2151,Mika
2145,AndalucesPorElMundo
2150,Ronzoni
2149,cat1
2152,RishuBurnwal
2160,Sasuke!!
2154,Team Groot
2157,{vilgax}
2158,Lonewarrior
2167,Partime
2162,Skunkers
2170,gummy
2168,daBoys
2173,Evolve
2155,ireallydontknow
2200,ghost_riders
2192,TeamInfo
2223,mfosec
2217,LaxmanB
2319,Name of Team
2206,Cybertech Maven
2182,noobiez
2216,jacornv
2343,PersianCats
2201,Spiri47
2190,IDK
2092,highschooldropouts
2203,‚Ä¶.
2195,CommandlineKings
2219,Khiz3r
2220,ISFCR PESU
2183,PineappleDonut
2191,Mikro
2212,sprig
2178,pwn.charity
2181,Formula Zero
2187,l33tcoder
2184,DD0st4r
2196,afra
2194,Root_rk
2175,cyber squad
2174,Justme
2176,rawr
2179,0xb4ykus
2177,"No one but me, maybe."
2180,alfa593
2185,JBSec
2202,pcwwwlzo
2186,AAA
2189,Nero
2193,carebear6132
2210,Kuastro
2198,HE2B-ISIB
2197,aasqw
2199,KUDDAHSEC
2213,Hackasaurus Rex
2204,d3vyce
2209,4vteam
2208,WojownicyZPiwnicy
2207,Gsus
2211,MildlyPanicking
2221,BrypAE
2218,odysseus
2214,cat2
2222,Jasarth
2248,securisec
2236,D@ng3rZ0n3
2225,PipiGang
2285,Viscondes do Neto
2256,HaMeD
2232,cmvasquezSOLO
2261,Xilteam
2240,mrdarknight
2252,Khantulga
2230,SDD
2249,Fjif
2271,NoWeHackPT
2244,SKY$BROKER
2267,t3kn0isn0td3aD
2227,5h4d0wb10k3r
2255,HackStreetBoys
2009,Blue Bird
2251,mesa.nezam@gmail.com
2269,aechmarten
2257,Just337Ine
2228,Machiavelism
2205,gli_inchiappini
2233,Pr4yAndP1ng
2224,Night
2226,mdut
2254,hack421
2231,HeraldAntelope
2229,randomTeam
2241,IRritated
2235,G1
2234,gedfhfd
2237,Kalmarunionen
2239,PasswordisLol
2242,1nv1t1s
2245,N!nj@_hunt3rs
2262,F
2243,KXTI_INDEED
2246,noobs
2247,redjam
2250,HackDisciple
2253,Dream4Clutch
2260,n4s1R
2259,N0Team
2258,ReMon
2264,HackerTown
2263,KontrolledKaos
2266,mozzarella
2268,nononono
2270,~/
2238,PasswordisLol
2301,killer
2283,Beavers0
2300,bryla & bryletki
2284,Blackhawk
2314,bl4ckp4r4d1s3
2293,Flore
2294,Falcon-9
2288,Cyberphobia
2308,PenguinS
2291,ScriptKiddykrew
2277,Dave and the Dudes
2317,cyberns
2275,Z3R0
2282,D3fender8
2304,LLDLC
2311,Pet3!
2292,QSFH
2320,StruggleisReal
2265,Alpha
2272,Whitebeard
2287,dragon ball
2315,UwUsint
2273,Gr1mR3apers
2280,happy315
2278,cheese_monkey00
2274,vaqueros
2276,n1ghtw4tch
2323,shadowetc
2279,mrhove
2281,Drunken Bears
2286,NETSQ inc
2290,CialloÔΩû(‚à†„Éªœâ< )‚åí‚òÜ
2289,alone
2295,RasAlGhoul
2296,Asfaloth
2299,RedTiger
2297,skill issue
2298,Mr_Dino
2302,BecomeBetter
2303,mozam
2305,switty_ass
2310,J0k3rs
2306,Baabo Inc
2316,/dev/urandom
2324,Zero
2318,colo
2321,TrashAndTreasure
2322,pp
2312,W1C3Alone
8,Techn0xploit
2359,kacihmd
2326,Han-Goes-Solo
2360,/tmp
2353,Leetcore Chat
2328,Soloer
2367,Baldies
2351,th3_unk0wn
2346,Buggy Ship
2330,AIreplacedme
2347,Safwan
2363,JustMe:(
2307,Cybervlads
2309,j4n-e4t
2335,Break
2329,The_Tr0ys
2327,Sahil_1337
2325,thegreatteam
2331,mankifg
2350,networkspectrum
2332,scooby_snhack
2336,The BridgeBurners
2337,What_A_Drag
2333,Anywheres
2334,radrad
2340,Screw
2339,tamasonsec
2349,PFS
2338,Cliware
2344,nkpw
2342,Mthia
2345,h34p0v3rfl0w
2352,Ass3rtCr3w
2354,Ferreira
2364,ùô≤Ã∂ùöàÃ∂ùô±Ã∂ùô¥Ã∂ùöÅÃ∂ Ã∂ùô∞Ã∂ùöÜÃ∂ùô∞Ã∂ùöÅÃ∂ùô¥Ã∂ùôΩÃ∂ùô¥Ã∂ùöÇÃ∂ùöÇ
2348,solobolo
2355,Kuvvet
2357,Ah
2356,hirutTeam
2362,knownothingtest
2361,f10w
2370,CyberDome
2369,N00BZ
2365,UseTheSwartz
2366,Cypher-
2368,Sloppy Joe Pirates
2374,VN2667
2376,ctds
2371,misaelaguayo
2373,smau
2372,smau
2385,SleepEnjoyer
2409,Anubis
2383,beecheeken
2388,DK4m
2402,4n86rakam1
2393,DarkPattern
2401,t20d4ltsc
2384,Team Miles
2379,dynamic-learning-library
2375,donthavename
2378,qf5@com
2377,OkayOkay
2381,Chamsou
2412,Quantum Team
2387,tr1xR4Kids
2382,0xregiment
2380,He3Ha10
2386,peace
2391,zigzagzoe
2389,cl0n3r
2390,nowalls
2392,Jerusalem
2422,Zyntacs
2395,CamelRiders2
2394,mert.bilici@warwick.ac.uk
2396,InfoSec Collective
2406,Ninja
2397,Duma
2398,mistercoolertyper
2399,l
2400,Dadadaann
2403,Geenomepops
2405,scorn
2404,lyoko
2407,redst0
2411,CYB3R SAIYANS
2413,Ciphermeth
2410,HeyWhatsUp
2417,chickeninaskinsuit
2414,duck
2415,vvf15
2416,Vecter
2418,Nyx!
2419,gui.tar
2420,The Script Kiddies
2424,GalvanizedSteel
2423,Team Frenzy
2425,winner
2421,YANdv*bAx*t&yYga%q7A
2426,Bits and Pieces
2445,ronin8
2458,RohanRiders
2469,Noobhunter
2431,Agent86
2452,Jay
2427,shpm98
2428,CatTeam
2313,Flaggermeister
2447,AkSec
2430,Vxh
2433,Mongolia
2429,cristigdv@yahoo.com
2435,Cabbagepatch kids
2432,Synology
2436,sha1k
2437,TentandoASorte
2440,Devil6
2439,funa
2438,heehee
2442,sorry I am solo LUL
2441,testtest
2443,Forces
2444,khalil
2453,BraveTeam
2446,AD
2450,mahdan
2455,asdf
2448,borp
2449,FourToOne
2451,print('MAC')
2456,Tratak
2454,Alone1nTheDark
2457,nigma
2460,halston
2461,Amande
2462,LMDS
2463,Doormen
2470,Galsen
2471,katsika
2465,Oonga Bunga
2473,newbiectf
2475,Cappa
2467,taurus
2472,asdfasdf
2474,0xN0LL
2476,xyzsec
2464,Oonga Bunga
2459,halston
2468,Noobhunter
2434,L0c4lh05t
2477,4n1m4ls
2499,C0d3 Bre4k3rs
2493,10M
2501,5h3ph3rd
2522,yuuuu
2479,Script
2358,KlokaIndivider
2492,OMAR
2478,palacios
2482,ex1
2483,AllTheWayUp
2498,Sinaloa Cartel
2480,n0p
2481,37
2489,The Inner Circle
2485,AL1V3-S3C
2484,elyatusae
2486,C@munihack
2488,Setraki
2487,DuurtLang
2490,The Fighting Mongooses
2491,zomry1
2494,rphlgn
2495,mad hacker
2497,last_entry
2500,adyyy
2504,soloQ
2502,astralsec
2503,OP_EN
2506,ZeroMarea
2505,kanon
2517,WTG
2507,pepega
2508,Railius
2509,zwsp
2511,randTeam
2510,Bulgaria Rado
2512,Hash Cracking Slasher
2514,fr3ki
2515,Paladins
2513,slow
2516,Red
2524,BaronSolo
2520,notknown
2518,Highfives
2519,tname
2525,Real black Hacker
2521,Cyber Noobs
2523,Neubee
2496,Ballistic
2535,freelen
2547,ReeshBeesh
2534,Incel Chips
2553,AKalone
2556,try
2536,Guru
2573,Social_Cringeineers
2554,Okirim
2533,srsd
2575,Pearlsky
2558,WhiteHat
2528,BoogeyMan
2527,CyberOps
2526,norbot
2529,Wiki-m@n
2531,Brown Boys
2530,kali
2546,m3hk
2532,Lumba Rumba
2538,ret2rev
2537,Rootkid
2539,nwahking
2540,laksdlksajdlsakjdlsakjdsa
2541,Brian & Co
2543,m1nh
2544,Adverrsity
2545,exploit
2548,nygard
2551,DoopRoost
2550,Imnotsurewhatimdoing
2549,tsustyle
2552,Clairmont
2557,Dolphin Love
2555,entahla
2565,T3cl@d0 R3b3ld3
2559,aleeex
2560,Gardenns
2564,NOOBz
2563,Illusion404
2561,hackers
2562,Sekiro
2569,TR0N9_T4M
2568,TheWasmo
2566,lost rob0ts
2571,YegSec
2567,Can'tdefeat
2570,HC
2572,AtherisCope
2574,Pearlsky
2542,SQLazo
2583,Themasterofdisaster
2587,H4CKP13T
2613,Big Himbo Energy
2603,ripppers
2610,fre000
2582,JustmemyselfandI
2584,honeybot
2607,___
2611,hack_to_win
2619,spareone
2616,All hail
2586,MrHunter
2614,SUDO_Exploit
2585,TiSo
2612,Ekaseftrian
2578,Singleton
2576,BTFL
2577,t0aster's
2580,r4
2581,Purfis
2588,zack_on_speed
2589,errormath
2592,biskutTEAM
2594,PPP
2590,Menam
2591,plus one minus one
2595,Funny Little Dudes
2596,Eiei
2597,mercykknight
2599,idleless_team
2598,dfoo
2604,pr0sec
2601,abems√ºp√ºrgeyigetir
2600,badministration
2602,dogwifhat
2609,thenzbro
2605,3r0th3r CC
2608,kuku_MlemKem
2606,adwxa
2618,seclzi
2615,Trix4Days
2617,ddob
2626,Pwnalajara UDG
2620,hihi
2623,HelloWold
2621,ct-cybersec
2622,daddycoolteam69696
2624,BaronSirTurkey
2625,HcccL
2579,16canerkoyuncu16@gmail.com
2408,pendejitos
2663,Just testing
2647,#@ck@r
2642,imjordantylerp
2632,cocu
2664,DingdongSG
2640,16j
2641,hhhkb
2635,cyberThunder
2631,Timo
2669,jacksparroe
2628,Casioak
2659,RPCA Cyber Club
2627,SerMayatu
2630,test1337
2629,TESTMYSELF
2634,KerKerYuan
2636,Somwarpet
2637,Voilater
2644,Punisher
2639,Reborn thyme
2638,atech
2652,HackIn
2643,kinako
2649,N2L
2646,hanto
2645,Pig0
2648,Users123
2650,H4ck3rsPlayTind3r
2655,DJ
2653,ludwig
2656,Anime_Hackers
2657,jqrity
2658,m1t0
2665,Cyber Crusaders
2667,Sh4d0w_Hunters
2660,takari
2662,whatsyourname
2661,DeePii
2666,Ju5tC#eck!nG
2668,zer0
2670,timbertime
2673,noobi
2674,Hakuna Matata
2672,hhe
2671,doggy
2675,forfun
2676,USTC-NEBULA
2654,DJ
2651,Team_4
2703,aum
2692,Anonymous-A
2690,dipannama91@gmail.com
2710,Moste3r
2677,BlackACe
2720,Cyber-Titan
2699,Hex-try
2700,0x1D
2711,notheri
2686,````````````````````````````````````````````````````````````````````````````
2685,ClownHack
2678,MAS 1337
2683,123456
2680,The Dead Last
2679,Finder
2681,bana
2682,Star Guardians
2684,Tandava
2687,Explorer
2689,l@m3r&n00bst3r
2688,TMPR__
2691,RealityBreakers
2693,Clocktower Dwellers
2694,spencer
2697,x01
2696,jkjkjk
2695,lonew0lf
2701,Pluto
2698,wilsongongwu1@gmail.com
2702,infophreaks
2707,Hackerlor
2704,H1ddenFlag
2706,ctfctf890
2705,Ghost
2708,Pdizl team
2709,asliiiR
2712,YMD
2713,220262@softwarica.edu.np
2714,Diffie Hellman Key Exchange
2715,Naup
2717,xupa curintia
2716,SnickerDooDLE
2722,sumone
2719,Tests
2718,Masamune
2723,Cyber Warriors
2721,s3cure_sh3ll
2760,gosolocauseyolo
2811,lifeise99
2724,RedTeamQT
960,Team Flash ‚ö°
2745,apikmeister
2762,Soulo
2728,sec
2737,Nightlord
2758,kalimali
2771,Tuna_Abs
2188,L0rd5-cTf3R5
2755,4l3m1gu3l
2769,stakebytez
2761,EAAG
2725,RedTeamQT
2727,john the riip
2736,TTCX
2730,memyselfandI
2729,1NTERLUDE
2731,Wade
2733,youtiaos
2734,</D0g-R3v3rs3>
2732,OhioSentinel
2735,capybara
2739,K0ry
2740,Cybershell 9
2738,Cyberhunter
2741,Hackmk
2742,pknu
2743,Cyber Thinker
2744,s1gm4
2747,Vulnerability Vanguard
2746,jenusdy
2748,hackin_away
2749,Maj'dul Malware Club
2750,pwnstars
2751,Linux
2754,Ask The Duck
2759,a team?
2753,PwsecTeam
2757,(‚ïØ¬∞‚ñ°¬∞)‚ïØÔ∏µ ‚îª‚îÅ‚îª
2756,Tropical
2764,Cyb3rCl4w
2763,.-.
2767,okok
2765,solo2
2766,blahers
2768,eepy T1
2770,meowmeowwind
2772,teamNothing
2866,Waterloohackers
2726,JustMe
2752,Dattebayo
2803,CyberSec)
2786,:(){:|:&};:
2810,Hacker Bits
2804,margarita
2789,Black_bull
2807,Sanji_trum_crypto
2817,Heelo
2812,bumps
2794,SoSaNo
2775,A Team
2774,1-4-1
2777,QtlasPy
2773,solokia
2776,FindingFlags
2780,umI1
2778,n00bth3b0x_need_a_team
2779,neq
2781,rootlaonumila
2783,Kevin
2784,luther
2788,siddu
2785,G1n
2787,The Zen
2802,Cybterrior
2790,solo_her0
2792,Allhallowseve
2791,No WebEx
2793,Rattatulli
2818,n00bi3
2797,Pl4y4w1n
2795,SuperAngels
2798,Shizzle Nizzle
2796,Reacher
2799,cyber102
2801,bcr
2805,r00t_u53rS
2806,codingbeast
2808,swuswu
2809,wolfer
2814,akeelwani084
2816,HXCKYR
2822,Cyber Dragons
2813,BeyondRCE
2815,Cooper
2819,asura
2823,NEU
2820,fading7121
2821,Fidethus
2875,Metagoofil
2782,BitGrift
2832,ThePseudoAdmins
2841,reb3l
1208,followUheart
2851,CyberT30
2868,NaraTeam
2850,n00b5t3rs!
2849,CyberWarri0rs
2844,Gaurdians
2836,PlanB
2831,coco
2827,fancymonkey
2846,megaminds
2829,0x7EA111
2826,UZERFLO
2843,The empty eye's
2838,Choudhary.vivek98@gmail.com
2869,Cyberpunk
2853,XIT
2845,Just me :(
2861,Something Cool
2824,pifoucorp
2825,BlueT3@mRock5
2828,shikishikinara
2833,JustMeKeshiba
2830,Hoop
2834,Raong2
2835,anton32
2837,Takim-1
2839,Birds Are Flying Cameras
2842,Falme
2847,Kangaroos
2848,Trojan_Horse69
2852,free_the_bnuuy
2854,team12345
2855,thefwncrew
2856,BTW WE USE ARCH
2857,cardinal
2859,P3RUV14N G4MB1TTTT
2858,TeamName
2860,BackMoon
2862,Hvkr
2863,azer
2864,Redder
2867,solotest
2870,Digitral Rishi
2872,4P0C4LYPS3
2871,frxtemr
2886,voidgojo
2918,The Team
2840,netspy819_team
2897,DarkBlue
2899,JT
2913,MOye_MOye
2882,Eddwise
2928,Hell Desk
2915,garage
2927,solonewb
2923,BAE
2921,Men of Culture
2904,TeamNameAlreadyTaken
2865,filip_ii
2873,Als Team
2876,bet75
2877,dhc
2908,N/A
2924,TCET2019
2878,Darky
2901,warriors
2879,@[3'5
2881,Wiba
2884,Anas
2883,Fsocit3
2885,Seraphiem
2891,Payatu_Bandits
2887,PwnBeforePwned
2888,4nt9
2890,mzdn
2889,0xd3BfYWRtaW4
2892,1111
2893,D3STR0
2894,CyberSphinix
2896,dpsec
2895,__atm__
2903,Cryptics
2898,Lillapanka2
2902,HackHome
2900,test12358
2912,cyberfox
2905,zaba
2907,gik
2906,CakeisTheFake
2909,mewho?
2910,vikram singh
2914,C1c4d4 3301
2917,ThePlayer372
2919,Satyanveshi
2920,TheDen
2926,Ablazetok's Personal Team
2922,Neutral.B
2925,Tiger
2970,StormBreakers
2957,LoneWarrior
2953,Marsdark
2967,xmbzj5bgx
2930,wetsocks
2936,XtraSonic
2956,fxhacker
2959,Sd
2965,Alo27
2964,Secu.re
2911,stwIT
2916,Sane
2937,teamgods
2929,NOTHING
2931,susyamogusy
2951,TantalumD
2971,God_F4th3r
2932,OGEL
2934,0x2ezy
2933,MegaBuster
2938,she
2935,TCP1P
2947,CYBER SECURITY ENTHUSIAS
2939,GPR
2941,RedKnight
2943,saruul
2940,subhxm
2942,cyberbot
2946,Ogs
2961,AlbSociety
2944,EntropicalPractice
2945,laksha
2949,nandre_burger
2950,Ayzhak
2948,joshibeast
2952,13_strong
2954,Good
2955,shortgirrafes
2960,teamnaem
2962,Olli
2963,d3fau1t
2966,salarymen
2968,blueteamtest
2976,ziya2t
2969,ma
2972,hoge
2974,Project Nazai
2973,QWE!#
2975,bq
3023,shycher_soloteam
2992,R0gu3
3001,scoowap
2999,SunShell
2998,TheSafdari
2980,CyberMeerkats
3025,nUll
2994,Horus
3015,asrep-roasting
2993,rootme
2996,K0upr3y
3012,nagasec
2983,wefly
2958,OldManTeam
3010,IITBreachers
3000,Last0ne?
2978,316
2977,Me
2981,d22.tml
2979,theOrbit
2982,Breachers
2985,bucotutto
2984,proofdog
2989,LiLE
2986,Dramafury
2987,EliteCollapseZ
2988,Megaricano
2995,AMen
2990,racoons
2997,Chicken_Road
3011,polt
3009,LetmedoCtfplz
3005,creepshithello
3002,DMSEC
3003,Team BB
3004,TheSludges
3006,Decoders
3014,NikolaTeslatov
3007,369
3008,shensir
3017,Ikwaw
3013,potato
3016,w1nt3r50ld13r
3019,W4nders
3021,Team b3xer
3018,CoolTeam
3024,ahengers
3020,test1414
3022,Big Comeback
3026,Players
3027,sandboxescaper
3040,5p4c3 C415
3062,Hectagon
3079,Madoka
3069,szy302
3066,0xbade1f
3042,asdfsdf
3031,illliii
3055,Albian
3065,sonachine
3028,Crash_z
3029,Vigo-ladores Cibern√©ticos
3030,nccl
3033,BKISC
3032,imalone
3035,VulpixArmy
3034,morbidmachinery
3036,free_palestine
3037,–≤–Ω—É–∫–∏ –±—É–¥—å–∫–æ
3038,Otaku
3039,sdsdsddsdds
3041,h4lpy
3043,sharklasers
3044,light_team
3045,HiOne
3046,Secret
3047,APT69
3048,B4br1ks
3050,Durkas kƒº≈´da
3052,LSE
3056,hamayanhamayan
3054,jne
3057,Sonnilauma
3058,ChurchBiscuit
3061,Ridinsol0
3064,trollvn
3072,Green Birds
3067,Ucha_CTF
3068,MemeCollection
3073,Colonel Parker Hitt Army
3070,Tech Strawberry
3074,Flat Earth Society
3075,nooboo
3077,Djib253üá©üáØ
3078,JustTesting
3076,pshegger-alone
3081,aa2
3049,Durkas kƒº≈´da
3059,Ridinsolo
3060,Ridinsolo
3063,Talos1
3083,securityhub
3124,Dark Forest
3094,sdogu0000
3101,kokhant
3087,damnit
3051,barabyliki
3086,Cla
3082,chungdinh
3080,U_R_H4CK3D
3088,Leap Of Faith
3089,gnolan
3085,IadRabbits
3084,ka
3091,Land Of Fire
3090,ubuntu
3092,The swedes
3093,N3K0
3095,shad0w_eagle
3097,LoneW01f
3096,Vam
3108,The Ducks
3098,L1z4rD
3106,Abhishek bala
3099,rrnimdah@gmail.com
3103,603
3100,bisly
3109,YSGR
3105,bluetrain
3107,Heehee
3111,codedsprit
3110,tester
3118,zuhaha
3112,sonvha2k23@cvp.vn
3113,Solo_player
3114,fukurou
3115,ZeroTeam
3116,rosso
3121,AbhijeetSpryzen
3117,torontokyo
3119,CyberFlamingos
3120,Red Jessies
3123,CreateRemoteThread
3126,skata
3122,l1nx1n
3125,b33r
3128,Xusers
3127,sepiol
3129,whatthefuzz
3130,ardamgrey
3102,603
3148,Bezrobocie
3155,Byt30B@ndits_@
3172,Atom28
3146,just_me_know
3163,Snoorax
3139,rpwn
3131,Myteam
3177,nik
3132,TFS
3173,red hacker
3161,Daredevs
3104,Un40rgettables
3135,Husky_haks
3137,Black_Honey
3133,arkede
3138,abdellah69
3134,cet6
3136,martins@logic-ltd.co.uk
3140,MacOps
3159,yolohackswhat
3141,Losers Gaming
3142,newb
3143,Mcmiller's Team
3145,0xlegendkiller
3147,Peer
3152,pappu
3149,NotSoMe
3153,https://www.youtube.com/watch?v=dQw4w9WgXcQ
3156,ITSNOTAGAME
3150,NoCLB
3158,Ankit-1
3151,XD
3154,pestobasil
3157,CrackthoseFlags
3181,hddd12
3171,skipped_spring
3160,MeMyselfAndI
3162,Lys1thea
3164,redspider
3165,Armitage
3169,Team_Zero
3170,n3wbi3
3167,The Moose Matrix
3168,STUXNET
3174,CyberArcReactor
3175,mangolaquaxoai
3176,teamthxr
3178,UnintentionalAA
3179,gp-Team411
3180,hddd12
3197,Blackfly
2991,snakes
3187,w3-3xploit
3166,r00t@localhost
3224,um
3185,MoorzikTeam
3182,VpourVendetta
3184,k0kos
3183,T2.2
3191,Dexter
3186,test team
3189,CTF Champs
3192,zri0
3190,bryan-solo
3193,WhatsGoingOn
3208,cc
3195,RedDragon
3194,test1
3198,AKT
3201,UNPAMJAYA
3218,nUt_cR@cK3r
3204,ZFG
3196,mutsis
3200,Gandu
3199,CyberWarriors
3202,khelogekya
3203,La fr√®rerie
3205,DisAdvanced
3206,Kioza
3207,BotNet
3209,starseed
3210,Z00N
3211,SƒÖ Gorsi
3213,BadGrassGang
3216,Vision
3215,TheWitt
3214,06a9347984
3220,blauerzug
3217,B1str0M4th
3219,TreeTopBumChums
3221,Zulu
3222,SCTSC
3225,w
3223,stufffz
3227,Thank
3228,Don't have a team name
3226,minster
3231,PotmeHunt
3230,theWik
3229,theWik
3269,S0FTS3C
3271,bananasinbanana
3263,The_fire
3212,oriozcSolo
3245,fluffypancakes
3238,Brut
3241,Hello
3232,senyksia
3233,wingtip
3235,0‰πÇ„Ñ•_ÂçÇ
3239,NULLKrypt3rs
3234,newbieeeeeeeeeeeee
3236,B4dTr1p
3237,KingOfTears
3240,I dont know
3243,Tull
3242,Clueless
3244,where is my shell
3250,John Blackbourn
3249,Dexter_Morgan
3247,sudosec
3248,sol0
3256,Totsukawaii
3251,jarato
3252,ErdosAmphetamineAddiction
3253,thanosbot
3258,ancd
3257,Rumfummlen
3259,$ur3wEn
3260,Antid0te
3261,TheWelder
3262,teja.mxx
3264,google
3265,Sp4c3s3c
3266,0dayexploitz
3268,mosquito
3267,AN1S
3276,brahn24
3272,Khanh1
3270,disakel722
3273,xboy
3274,fuck_all_sharamet
3275,0xst4n
3279,alright
3278,Pandas
3280,kings solution
3282,StrixGoldhorn
3281,geslo je 123
3277,Pandas
3254,DF4Y
1118,NFSU Hearters
3328,ryuga
3295,noah
3309,welcome
3318,lmao
3283,Jogge
3284,T3K4
3286,SAIC
3294,ottoman_empire
3285,Enes3078
3288,TheLastBrainshell
3287,c00c00
3290,Inasmuchas
3289,MiTeam
3292,CultFall
3291,R3TR0SPECT
3293,DCShow
3298,johnhammond
3296,pppp
3297,bschmidt
3300,Shashanks999
3301,1c3Gh3tt0
3299,sysc4lls
3304,Dolphins
3302,BIGFLAG{*}
3303,ch3cke@gmail.com
3306,IAAAIDC
3305,CLK3D
3307,okoslowski
3310,devil's fiddlers
3308,anonHeist
3320,bouncesec
3311,Rub1ck
3312,BATMAN
3314,SecuritySync
3313,ns
3315,havirga
3316,st0rm p00p3r5
3319,!Time_For_418
3317,Team Bayann Batar
3323,farikanai.fm@gmail.com
3321,waduwadu
3325,m3r1t168
3322,BlueX
3324,loner
3327,squirtlesqu&d
3326,Kurestite
3330,r00tm3
3331,TAO
3347,d0pam1nel0ver
3370,Discord_Knights
3352,walter
3361,nandyr
3362,DegenB
3366,Error_404
3336,clipse team
3357,That team name is already taken
3338,Crip
3346,cajovac958
3356,nah
3341,rockstar
3188,ypofficial
3353,bulkum_pride
3329,HCK
3367,Deadalamo
3337,CyberEstimados
3378,ex3x
3333,ACS Citizens
3334,0xTahiTi
3332,XYZ
3335,techquity444
3343,vs1
3345,argies
3351,Pionners
3339,myopia
3344,GO
3340,StrawHat Pirates
3348,Horde
3350,HACKTORIA
3349,mugiwara
3354,qesuto
3358,HashX
3365,jack
3359,RabbitHoleCLC
3360,CamelRiders
3363,KomixEs
3368,teest
3364,tito
3369,K4T4
3381,dcua
3376,ekipa raketa
3375,Cyberstuff
3372,fhackyou
3373,L0nl31
3377,an.siryk@gmail.com
3374,Kirtap
3380,Nubbydunka
3379,ssssssssssss
3382,qwerasdf
3355,qesuto
3417,d00vit
3401,Sapio
3425,GN3
3398,Ryan.giraud0905@gmail.com
3424,Unknown
3407,None
3384,ddd
3342,TWPeace
3387,5upernova
3371,Sm1sk!
3383,hasel
3395,Whitebear
3385,fkthisstupidlogin
3386,soala gogo
3392,stalk
3389,Syncope
3391,AssnDarkX
3390,Nguy·ªÖn Ng·ªçc T√∫
3397,sficheu
3394,SECTHINGS
3396,S0l0_0n3
3393,SicMundusCreatusEst
3409,Lost Samurai
3400,Marterich
3399,stealthpwn
3402,0xwbf5
3404,Cameronol
3403,BABAYAGA
3406,team0
3412,Wifiz
3408,Indivs
3410,boitactf
3413,intermission
3411,Boogeymon
3415,sda1
3414,DurkaOnline
3419,B1nary_br1g4d35
3418,Uigger
3423,i just woke up
3420,thepizza
3422,spy.pet
3421,Vigil
3428,Azan_Shahid
3426,xasxax
3427,dsaqqasd
3429,AreD@Yush?
3431,cagam
3430,KatanaSD
3416,d00vit
3405,new_new_team2
3443,hackergod
3441,Wearethegod
3464,gapunya temen
3471,Spyd3rT3am
3469,The Zohairs
3448,Team Spiryt
3255,Hakerlo
3451,HackerMeaw
3439,ok
3468,dchanana
3436,WillsonTeam
3432,soloyolo
3433,Zero Two superiority
3435,StormChasers
3434,testingteam
3449,KUDoS
3437,superskids9
3453,L3@RN3RS
3438,DaF
3440,IIT(BHU)CyberSec
3445,Hkp1n
3442,soloo2
3444,0xECE_1
3446,cyber_tomato
3447,smith
3450,Demon
3452,DualC
3454,Cyber Security Enthusiast
3456,moz
3457,BinaryBandits
3455,5555555555
3458,Mu
3475,Shrainger
3462,gefoprofile
3459,notnotnotveg
3460,Martial_Law_Enforcer
3461,NMG
3463,unanon
3466,saola
3467,lucy
3477,DragonTiger
3470,Total losers
3473,200Accepted
3472,Kaiziron
3474,CDC
3478,Shawdow Army
3479,team_naikoy
3476,Baller
3480,wigrif
3465,wahesec
3524,27h7yi8mb
3515,Itachi_uchia
3493,DarkBandit
3523,karma9874
3508,iota
3485,Chinmay's Team
3504,FAFO Proper‚Äôd
3509,Poseidon
3503,KXTI_owner21
3494,VoidSkills
3511,petrushkasputas
3495,Num3R0n4u7s
3484,VKUOCA
3481,chll
3488,Anami
3482,Cyber_Sqaud
3486,Vex
3483,acdwas
3487,Rhysand
3490,Atredis
3489,atulajoshi24
3502,Les Man's
3492,Biohazards
3491,shcyber
3496,BayouByte
3498,Throttle1668
3497,what
3501,solo_jedi
3499,OSPF
3500,jha
3517,Team Kakashi
3505,sololvling
3506,mx102
3507,Dark
3510,just Garzola
3512,4Eyes
3513,TechnoWiz4rds
3514,szr
3516,thy_milktruck
3526,und3rf10w
3518,lemongrassftw
3519,TeamNEF
3520,Ther
3521,Ch≈çn≈çryoku
3529,aquacat
3522,Shadow_Garden
3525,eggakiracroissantpie
3527,CYBERARMY
3528,N0T34M
3530,DELTAxSYNDICATE
3550,PR#1
3549,adamn777
2466,L053r5 g4m1ng
3547,Pure Satanic
3576,TeamofOne:)
3534,Solo leveling
3531,Spektr Security
3532,gl1tchy's
3533,G1tc_Gu4rdians
3535,jacobhegy's team of one
3536,html
3537,RootSquad
3541,MrCyberSec
3538,1337B01S
3540,s1n10r
3539,Cybergang
3542,mazanew
3544,mahdi.gh782
3543,inf0spec
3570,Lunatics of Psyber
3548,guacamole
3545,NiGhtMaRe
3551,Scorpion
3546,Team Rocket
3563,diego
3553,Shovach
3552,DongDongE
3554,darkCAT
3555,Foundme
3556,max's 1 man band
3559,nitrogenxp
3557,Beverice
3558,Hot Bays in Your Area
3560,gencombd
3561,TEAM NIGHTFURY
3565,CaptureTheFandom
3562,chy0u7k0 v zhb4n
3564,makoolbas
3566,atch2203
3567,me
3568,german_cybersec
3569,jctf
3571,bruh
3572,nn
3573,Escape
3574,helloworlds
3575,hammer
3578,SecWizards
3577,Sinhro
3579,ITS ITS
3609,Ahimsa-
3623,ttyusb
3587,Pagets_010_
3582,PR
3590,SOH
3604,holm
3580,z4ki
3581,helloworld0010002
3583,secpack
3584,Siegfried.A.Zimmer@gmail.com
3585,sazouki
3586,lolu
3589,CyberHunters
3588,DarNa
3593,Team Contagion
3592,newborn
3591,TheFlash2kSolo
3594,imaginehavingfriends
3595,Pagets010
3608,w3rni0
3596,Rydoon
3597,Noobies
3598,serioton
3600,R4wr
3599,Akuzike
3601,synkro
3602,gbadebosmith@gmail.com
3603,lol1
3607,Elen
3605,exampleteam
3606,Duba Supraveghere 42
3610,ThrowawayAccountForReasons
3611,StuX
3612,seagull
3613,Enigma
3614,wobilaj569
3615,Vertical
3616,pingpwn
3618,figmentoftheimagination
3617,NorfolkGeeks
3619,Lemurr
3620,ab
3621,ja
3622,MiwkaMiwka
3624,mua
3625,martymcfly
3626,So_1
3627,whiskyteam
3628,wm456
3629,macbookair
3680,Cyber_Chicken
3728,Lucas
3665,DebugThugs
3729,Byt3R4id3rs
3663,NYUSEC
3662,GoudaHacking
3664,crack it up
3666,Riki
3667,interest
3671,Da Boars
3669,cyberqueenmeg
3668,0xdecafbad
3670,Rdutcher
3672,huuuujjui
3673,Wizards of XOR
3674,Cyber Peanuts
3675,0x69
3677,Sol0warmup0nly
3676,nothing
3679,A$AP
3678,just a guy
3681,geek
3682,lpd51771
3684,RoonilsFlag
3683,Ballerz
3685,ponk
3686,wistage2
3687,not0rd3rs
3718,ForThewawa
3719,t333st
3721,hexamine
3720,h0b0
3724,dumbdumb
3722,random_user
3723,RebootRebels
3725,REVRT
3727,l0wp$
3726,xiguaxiguaxigua
3730,vicio
3732,Skyzsec
3731,Heaven's Protectors
3733,ETYB
3734,Entropy
3735,noob
3736,1nterlude
3738,freenbecks
3739,schwein'o'karas
3740,serfvaewfg
3741,killswitch
3742,3x30
3757,DIYSEC
3777,jolokia
3743,Dr4n23rOne
3787,Cyber storm
3758,valh3im
3770,fa3ad
3773,Jaswanth19
3747,zero
3756,mee
3744,Moonrise
3745,kusko
3746,bubu
3748,sam_cy
3749,no team :(
3750,unkonw
3752,Cyb3rPr1s0n
3753,bAndA
3751,g4nd1v
3754,cyDef
3755,pakekoding
3780,gamb
3759,FPTU EThical Hackers Club
3760,craafiar
3761,TwelveNuggetMeal
3762,qwe
3763,5vc0d3
3764,Lupwn
3768,YardSec
3765,TecHit
3767,EaZy
3769,HubaDuba
3772,Equation Group
3771,Hackingway
3776,awesomeinfosec
3774,Whalers
3775,newEra
3778,my team
3779,Blowfishknights
3781,‡∏°‡∏∞‡∏Ç‡∏≤‡∏°
3782,might-guy
3783,TPMDF
3785,0Xhell
3784,rishh
3786,mahn
3788,Tamil
3789,Hextraditables
3790,D3athCod3
3791,PirateHex
3792,SwingIt
3766,flag
3798,malchaos
3799,Zb711
3813,Ro0t
3831,CrystalField
3803,Hunt3r
3826,SF_SoonMin
3812,Azem
3801,4x0l0tl
3793,Darkcyberin
3794,n00bp
3795,rjlkajlsd
3796,lkzdjflksdjf
3797,PracticeTeam
3800,C10UDST3R
3802,gojo
3804,Yoghosta
3806,The Mad Doctor
3805,just4nothing
3807,Scavengers
3808,bl4zor
3809,just.for.fun
3810,Teamscifi
3811,sfyoungjoon
3814,Engtech
3815,cipher_rc5
3816,Bobr Kurwa
3817,S3CuR3-C0D3R5
3818,goodbye
3819,RiST
3820,testfree
3821,The Lonely
3822,TheSluggers
3823,FoxyDZ
3824,evilnoise
3825,saidakbarxonmaqsudxonov4@gmail.com
3827,tc
3829,ctf4fun
3828,Team_Sharks
3830,HoneyPotHackers
3832,KarateSwan
3833,aria24
3834,VSL
3835,SirawitTH
3836,~~~
3837,sub-VSL
3838,oc
3839,DDang
3841,Gyra
3840,m0nk3y_1n_tc1vs
3842,Cobb
3910,W3_ar3_N0obs
3920,what is this?
3895,x4m_101
3845,Bot Hunters
3886,CYborgs
3843,EVI$ION
3844,213123
3846,dasdsad
3847,sukakuki
3848,__Go__
3849,A-Team
3883,v4lour
3882,Hexa
3884,am0gus
3885,Luigi
3887,timepass
3888,ph1nx
3889,Fish4Finn
3890,LETS BREAK THE CODE
3891,Cookies
3892,n0w4y
3893,bdhxgrp
3894,Blah_bleh
3896,LGK
3897,pobedilla team
3898,Ano
3899,vsaij
3900,NGSEC
3901,0000
3902,foxdut
3903,nul
3904,CyberMoods
3905,aie
3907,In0ri
3906,Satrawiis
3913,New team
3908,AaaaahEuh
3909,MR.GHOST
3912,Jenkin
3911,HaveFun
3914,dforeffort
3915,haha
3916,Fsociety
3917,sebastianpc
3918,redparrots
3919,PindotPindotLang
3923,CyberTides
3921,GGBoo
3924,PSUT
3922,ÂåóÂ±±Â≠¶Èô¢
4019,MrLonely
3969,HiddenInvestigations
3960,maxtic
4021,Josh2024
4071,hi
3959,dj
3968,w7w7
3925,greatest-team-on-tour
3962,Zurna
3958,sfhearhrdtsd
3926,mmito7f
3961,tronLegacy
3963,EncryptEdge
3964,dcsec.tech
4062,Vourate Geitwnoi
3970,Klove
3971,Bemisia
3975,aghrab
3972,Looking Around
3973,nhammoii
3974,prince of security
3976,fallout
4009,L0v3 FuZz
4013,Straw Hat Crew
4010,securedev
4011,Awawawa
4012,IronTail
4014,AtOnce
4015,rmatoofi
4018,DaemonSlayers
4016,weneed2learn
4017,NullBusters
4020,whoami
4022,Roy
4023,xiaoxiaoshu
4024,jeane
4025,Demo
4028,Hydra
4026,Scorpions
4027,buna-byte.ctf
4029,fangban
4063,somayi2021
4064,MLM
4065,kuban'chane
4066,Qbits242
4067,bazzawill
4068,L
4069,CEIT
4070,PhoFow
3965,0xShiKi
4115,afili filinta
4072,SRC_F1
4183,LastPlaced
4180,SoloDoloLateStart
3388,The Beekeepers
4181,XP
4073,breadz
4106,234123
4108,bebek goreng
4107,team strangers
4109,ALI
4110,3n50nIq!
4111,xorr1234
4119,Cherryyyyy
4112,noov
4113,Nameless
4114,R4v3ncl4w_P3ngu1n
4116,Universe
4117,bavoen
4118,EPSec
4121,koalasec
4120,OU7S1D3RS
4124,iamalone
4122,Trashtronauts
4123,Gen X
4125,MagicalChasers
4126,tOt4l1y_S4n3
4159,awefwaf
4160,cavca
4161,CryptoCrackers
4162,alallaalala
4163,Keepers
4164,Hye0n
4166,Northern Netrunners
4165,kk
4167,JanToth
4168,Jaguarete kat√Æ
4169,zihhhhh
4170,WHOISshuvam
4171,vandina
4172,Saint
4173,CR4CK_P3G45U5
4174,Vip4x
4175,sesmof
4176,sdf
4177,AAAA
4178,Alt-Backdoor
4179,Tumpa
4182,-------------
4184,Pixelreiter
4274,sim0wn
4227,thengakola
4229,alenezi
4285,EOF
4290,Ashesjajajsnsn
2633,darkvip3r
4283,justme
3737,clicker
4185,Iskrata
4217,PeulPeul
4218,TXST
4219,Real_Cryptographer
4220,time_attack
4221,R0xin
4222,dasadsdsa
4223,akashgidaveer
4224,voda
4225,R3X
4226,SC@
4228,Cod√©j√†Vu
4232,SV3122
4230,Pre-Pwners
4231,GerlachSnezka
4233,Slavette
4235,Re1vaj
4234,CTFBoi
4236,Elhamdolilah
4237,QWKA00
4238,Elfs
4239,flowers
4240,hakor_clique
4273,Lion Den
4275,n0h4nds
4276,SLAXO
4277,tryin
4278,trillaltdelete
4279,killer100
4280,team_skoala
4281,solobro
4282,wasted
4284,Naver
4286,cozz
4288,Light up
4287,sadhfksgakdfskh
4289,byers33
4291,qui113x
4292,Sasku
4293,Oplogix
4294,CyberGhosting
4295,tyeuntie
4315,Gojover
4306,Solo Leveling
4312,The Hackinator
4296,Dafenshi
4297,addthing
4298,Blackin
4299,kevinke
4300,cannabisCat
4301,justus
4302,thecheesestandsalone
4303,asf
4304,snwpi33
4305,Ropchainers
4307,Ic3Ma0
4308,jesters
4309,MilanTeam
4310,111
4311,White-Sparrow
4313,cyny666
4314,3303lab
4316,BoitaSec
4317,CTF
4318,Cy83rSp4c3
4319,OGGY
4320,asdasdasd
4321,TheLonliest7181
4322,skywalker-341
4324,Ineedtobebetter
4325,Mananteam
4326,Sn0w
4327,decay
4328,sec3issa
4329,Tz's wolfs
4330,12th man
4331,threshershark
4332,Kimaoygts
4333,JG
4334,vuzzz
4335,Bosalem
4336,m
4337,myteam
4338,youraf
4339,Lone Survivor
4340,mohammednuredinctf
4323,Newnew
